case_id,paper_best_N,paper_best_err,paper_best_ms_historical,default_err,paper_grid_err,improved_method,improved_N,improved_err,improved_ms,vs_default,vs_paper_grid,vs_paper_best
bsm_table2,64,3.55e-15,0.0327,1.5987211554602254e-14,1.5987211554602254e-14,cos,64,1.5411283360577954e-14,0.08966700988821685,better,better,worse
heston_table4_t1,200,3.7e-09,0.1539,6.09928667572035e-08,6.566175105859884e-07,cos,512,2.2179591496751527e-11,0.10137498611584306,better,better,better
heston_table5_t10,140,9.88e-10,0.123,5.073275133327115e-12,0.004684387946532809,cos,1024,9.678302603788325e-11,0.16145801055245101,worse,better,better
heston_table6_strip,200,2.05e-08,0.4214,6.97749928946223e-08,2.6222454945212803e-06,cos,512,2.922035946539836e-10,0.2622909960336983,better,better,better
vg_table7_t01,2048,7.98e-08,,4.444358705768536e-05,4.943325571105106e-08,cos,1024,1.4901845091230825e-08,0.08829100988805294,better,better,better
vg_table7_t1,150,1.51e-09,,1.9906920556422847e-10,4.389590912978747e-10,cos,2048,1.9969093045801856e-10,0.14445898705162108,worse,better,better
cgmy_table8_y05,140,4.04e-09,0.1216,1.1871748029079754e-10,2.155218226107536e-10,cos,1024,1.1874234928654914e-10,0.12400001287460327,worse,better,better
cgmy_table10_y198,40,1.94e-15,0.0538,2.4641622076160274e-11,1.4651391211373266e-11,lewis,8192,6.407674391084583e-11,0.6208340055309236,worse,worse,worse
