L,width,tail_proxy,err
6.0,13.291864793502244,3.9464112482363924e-21,6.998942652103324e-07
8.0,17.722486391336325,5.328217422858182e-37,1.8427286363476014e-09
10.0,22.153107989170408,2.1027337170615906e-57,5.062616992290714e-12
12.0,26.583729587004488,2.4255451391011886e-82,7.105427357601002e-15
16.0,35.44497278267265,8.059864734098856e-146,4.263256414560601e-14
24.0,53.167459174008975,0.0,4.263256414560601e-14
32.0,70.8899455653453,0.0,2.842170943040401e-14
