N,width,dx,put_parity_err,call_direct_err,direct_minus_put
64,70.8899455653453,1.1076553994585203,0.8128869018862517,133470334761144.31,133470334761145.12
128,70.8899455653453,0.5538276997292602,0.0001493127738960709,80410303553.68106,80410303553.6812
256,70.8899455653453,0.2769138498646301,1.3301775986462872e-05,9932137708.385351,9932137708.385365
512,70.8899455653453,0.13845692493231504,6.71189326340027e-10,97931.39714536486,97931.39714536419
1024,70.8899455653453,0.06922846246615752,2.842170943040401e-14,53.57175015820704,53.57175015820707
2048,70.8899455653453,0.03461423123307876,2.842170943040401e-14,53.57172472309699,53.57172472309702
4096,70.8899455653453,0.01730711561653938,2.842170943040401e-14,53.57172472309699,53.57172472309702
