policy,N,width,dx,L_used,tail_proxy,err
heuristic,2048,22.153107989170408,0.010816947260337113,10.0,2.1027337170615906e-57,5.062616992290714e-12
tolerance,1024,17.722486391336325,0.01730711561653938,8.0,5.328217422858182e-37,1.8427286363476014e-09
paper,4096,70.8899455653453,0.01730711561653938,32.0,0.0,2.842170943040401e-14
