model,best by error,best error,fastest,fastest runtime_ms
BSM,COS classic,2.842170943040401e-14,COS improved,0.1604999997653067
Bates,COS classic,3.133990844617074e-10,COS classic,0.30004199652466923
CGMY,PyFENG Lewis,5.766942479112913e-11,COS classic,0.2329580020159483
Heston,PyFENG Lewis,3.8153791237505175e-10,COS improved,0.17366600513923913
Heston-CGMY,COS improved,3.368683110238635e-11,COS classic,0.28750000637955964
Heston-Kou,COS classic,9.416853963273297e-10,COS classic,0.3045419871341437
NIG,PyFENG Lewis,3.6843417206000595e-10,COS improved,0.19958300981670618
OUSV,PyFENG Lewis,4.1094683211895244e-10,COS improved,0.24199999461416155
VG,COS classic,9.557072910837405e-10,COS classic,0.21749999723397195
