model family,Carr-Madan FFT,COS classic,COS improved,PyFENG Lewis
Non-jump diffusion,1.126847885579707e-05,2.842170943040401e-14,1.6382766254707803e-09,8.997247391562269e-13
Stochastic vol (no jumps),2.782796867628612e-05,4.673452735914907e-10,1.4056088626368535e-08,3.962423722470021e-10
Pure jump,2.4290563668039056e-05,9.557072910837405e-10,1.919914893733221e-09,3.6843417206000595e-10
Hybrid stoch vol + jumps,1.879241340629889e-05,3.133990844617074e-10,1.2161052782566628e-06,
