model family,Carr-Madan FFT,COS classic,COS improved
Non-jump diffusion,1.126847817634058e-05,8.886225089099753e-13,1.6391563661954933e-09
Stochastic vol (no jumps),2.782824292246744e-05,9.620637619889294e-11,1.4025510974846611e-08
Pure jump,2.4290793430914448e-05,1.48903112062726e-11,1.6135146552187507e-09
Hybrid stoch vol + jumps,1.879241340629889e-05,3.133990844617074e-10,1.2161052782566628e-06
