model family,Carr-Madan FFT,COS classic,COS improved
Non-jump diffusion,0.21141598699614406,0.18854200607165694,0.12966699432581663
Stochastic vol (no jumps),0.30733349558431655,0.23077099467627704,0.18552049004938453
Pure jump,0.2948750043287873,0.19537500338628888,0.3725420101545751
Hybrid stoch vol + jumps,0.33195901778526604,0.2209999947808683,0.2709580003283918
