model family,Carr-Madan FFT,COS classic,COS improved
Non-jump diffusion,0.21737499628216028,0.18408300820738077,0.13616698561236262
Stochastic vol (no jumps),0.2996249822899699,0.2304579975316301,0.16422949556726962
Pure jump,0.23716699797660112,0.19474999862723053,0.3510829992592335
Hybrid stoch vol + jumps,0.35816701711155474,0.26974998763762414,0.3950420068576932
