model family,Carr-Madan FFT,COS classic,COS improved,PyFENG Lewis
Non-jump diffusion,0.24279198260046542,0.22383301984518766,0.15895898104645312,2.8617499920073897
Stochastic vol (no jumps),0.33437550882808864,0.2615830017020926,0.18662500951904804,2.931292008724995
Pure jump,0.2506669843569398,0.21462500444613397,0.4424579965416342,2.8255420038476586
Hybrid stoch vol + jumps,0.3699999942909926,0.26266698841936886,0.3110409888904542,
