model family,Carr-Madan FFT,COS classic,COS improved
Non-jump diffusion,0.44895801693201065,0.34991701249964535,0.24945801123976707
Stochastic vol (no jumps),0.6156869931146502,0.47191699559334666,0.3055414854316041
Pure jump,0.47825000365264714,0.436875008745119,0.7482090150006115
Hybrid stoch vol + jumps,0.6470829830504954,0.5192079988773912,0.5587920022662729
