model,best by error,best error,fastest,fastest runtime_ms
BSM,COS classic,2.842170943040401e-14,COS improved,0.15895898104645312
Bates,COS classic,3.133990844617074e-10,COS classic,0.26266698841936886
CGMY,PyFENG Lewis,5.766942479112913e-11,COS classic,0.2364999963901937
Heston,PyFENG Lewis,3.8153791237505175e-10,COS improved,0.17516702064312994
Heston-CGMY,COS improved,3.368683110238635e-11,COS classic,0.28737500542774796
Heston-Kou,COS classic,9.416853963273297e-10,COS classic,0.24983298499137163
NIG,PyFENG Lewis,3.6843417206000595e-10,COS improved,0.1500419748481363
OUSV,PyFENG Lewis,4.1094683211895244e-10,COS improved,0.19808299839496613
VG,COS classic,9.557072910837405e-10,COS classic,0.19883300410583615
