K,Published ref,COS N=256,abs err
80.0,26.774758743998856,26.774758743997197,1.659117287999834e-12
90.0,20.93334900059671,20.933349000595072,1.637801005927031e-12
100.0,16.070154917028834,16.070154917027164,1.6697754290362354e-12
110.0,12.132211516709845,12.132211516708185,1.659117287999834e-12
120.0,9.024913483457835,9.024913483456164,1.6715517858756357e-12
