N,a,b,width,runtime_ms,max_abs_err
32,-6.787157183136643,6.588695612094985,13.375852795231628,0.05237499135546386,0.015755016075660322
64,-6.787157183136643,6.588695612094985,13.375852795231628,0.05425000563263893,1.177440971034116e-05
128,-6.787157183136643,6.588695612094985,13.375852795231628,0.06674998439848423,7.997158490979928e-12
256,-6.787157183136643,6.588695612094985,13.375852795231628,0.07833301788195968,1.6715517858756357e-12
512,-6.787157183136643,6.588695612094985,13.375852795231628,0.11187500786036253,1.6715517858756357e-12
1024,-6.787157183136643,6.588695612094985,13.375852795231628,0.18591599655337632,1.6715517858756357e-12
