N,a,b,width,runtime_ms,max_abs_err
32,-6.787157183136643,6.588695612094985,13.375852795231628,0.08433399489149451,0.015755016075660322
64,-6.787157183136643,6.588695612094985,13.375852795231628,0.09366701124235988,1.177440971034116e-05
128,-6.787157183136643,6.588695612094985,13.375852795231628,0.12224999954923987,7.997158490979928e-12
256,-6.787157183136643,6.588695612094985,13.375852795231628,0.1366669894196093,1.6715517858756357e-12
512,-6.787157183136643,6.588695612094985,13.375852795231628,0.23387500550597906,1.6715517858756357e-12
1024,-6.787157183136643,6.588695612094985,13.375852795231628,0.3440000000409782,1.6715517858756357e-12
