method,configuration,runtime_ms,max_abs_err
Carr-Madan FFT,"N=4096, eta=0.10",0.5153749953024089,1.0763907987154653e-07
PyFENG Lewis,repo backend default,0.5358329799491912,8.313350008393172e-13
