N,a,b,width,runtime_ms,max_abs_err
32,-6.787157183136643,6.588695612094985,13.375852795231628,0.05224999040365219,0.015755016075660322
64,-6.787157183136643,6.588695612094985,13.375852795231628,0.05599998985417187,1.177440971034116e-05
128,-6.787157183136643,6.588695612094985,13.375852795231628,0.15712500317022204,7.997158490979928e-12
256,-6.787157183136643,6.588695612094985,13.375852795231628,0.14416701742447913,1.6715517858756357e-12
512,-6.787157183136643,6.588695612094985,13.375852795231628,0.12945799971930683,1.6715517858756357e-12
1024,-6.787157183136643,6.588695612094985,13.375852795231628,0.20099998801015317,1.6715517858756357e-12
