N,a,b,width,runtime_ms,max_abs_err
32,-6.787157183136643,6.588695612094985,13.375852795231628,0.0718749943189323,0.015755016075660322
64,-6.787157183136643,6.588695612094985,13.375852795231628,0.07495800673495978,1.177440971034116e-05
128,-6.787157183136643,6.588695612094985,13.375852795231628,0.07658300455659628,7.997158490979928e-12
256,-6.787157183136643,6.588695612094985,13.375852795231628,0.08891600009519607,1.6715517858756357e-12
512,-6.787157183136643,6.588695612094985,13.375852795231628,0.12679200153797865,1.6715517858756357e-12
1024,-6.787157183136643,6.588695612094985,13.375852795231628,0.20437499915715307,1.6715517858756357e-12
