method,configuration,runtime_ms,max_abs_err
Carr-Madan FFT,"N=4096, eta=0.10",0.5154579994268715,1.0763907987154653e-07
PyFENG Lewis,repo backend default,0.5569999921135604,8.313350008393172e-13
