method,configuration,runtime_ms,max_abs_err
Carr-Madan FFT,"N=4096, eta=0.10",0.9066660131793469,1.0763907987154653e-07
PyFENG Lewis,repo backend default,1.059083006111905,8.313350008393172e-13
