N,classic_width,improved_width,classic_runtime_ms,improved_runtime_ms,classic_err,improved_err,tail_proxy,improvement_ratio
40,70.8899455653453,17.722486391336325,0.04020900814794004,0.09083401528187096,3.239724774412476,10.803074210916098,5.328217422858182e-37,0.29988915295415236
65,70.8899455653453,17.722486391336325,0.034999975468963385,0.10554198524914682,0.7648486732511479,0.025354900018399462,5.328217422858182e-37,30.16571442585516
90,70.8899455653453,17.722486391336325,0.035500008380040526,0.08820800576359034,0.15425442338606743,0.001209887336212745,5.328217422858182e-37,127.49486565329546
115,70.8899455653453,17.722486391336325,0.04966597771272063,0.0857090053614229,0.019729981868049862,9.487522611095756e-06,5.328217422858182e-37,2079.571525339549
140,70.8899455653453,17.722486391336325,0.0499580055475235,0.11491699842736125,0.0046843877920288435,6.100516003471057e-08,5.328217422858182e-37,76786.74704506196
