N,classic_width,improved_width,classic_runtime_ms,improved_runtime_ms,classic_err,improved_err,tail_proxy,improvement_ratio
40,70.8899455653453,17.722486391336325,0.11733401333913207,0.1856250164564699,3.239724774412476,10.803074210916098,5.328217422858182e-37,0.29988915295415236
65,70.8899455653453,17.722486391336325,0.0739170063752681,0.2155410184059292,0.7648486732511479,0.025354900018399462,5.328217422858182e-37,30.16571442585516
90,70.8899455653453,17.722486391336325,0.08437500218860805,0.18383300630375743,0.15425442338606743,0.001209887336212745,5.328217422858182e-37,127.49486565329546
115,70.8899455653453,17.722486391336325,0.07716598338447511,0.17687500803731382,0.019729981868049862,9.487522611095756e-06,5.328217422858182e-37,2079.571525339549
140,70.8899455653453,17.722486391336325,0.08249998791143298,0.18737500067800283,0.0046843877920288435,6.100516003471057e-08,5.328217422858182e-37,76786.74704506196
