N,a,b,width,runtime_ms,max_abs_err
32,-6.787157183136643,6.588695612094985,13.375852795231628,0.07420801557600498,0.015755016075660322
64,-6.787157183136643,6.588695612094985,13.375852795231628,0.07695800741203129,1.177440971034116e-05
128,-6.787157183136643,6.588695612094985,13.375852795231628,0.07545799599029124,7.997158490979928e-12
256,-6.787157183136643,6.588695612094985,13.375852795231628,0.08749999688006938,1.6715517858756357e-12
512,-6.787157183136643,6.588695612094985,13.375852795231628,0.12825001613236964,1.6715517858756357e-12
1024,-6.787157183136643,6.588695612094985,13.375852795231628,0.35683298483490944,1.6715517858756357e-12
